{
  "auc": 0.9963640104804243,
  "eer": 0.020755916637230896,
  "eer_threshold": 0.4348910450935364,
  "frr_at_far_1e-2": 0.02805369127516777,
  "thr_far_1e-2": 0.48606732487729676,
  "frr_at_far_1e-3": 0.06361003179088665,
  "thr_far_1e-3": 0.6248215734974996,
  "num_pos_pairs": 141550,
  "num_neg_pairs": 141550,
  "num_subjects": 2831,
  "num_samples": 56202,
  "seed": 42
}