{
  "auc": 0.9934837278106509,
  "eer": 0.03269230769213114,
  "eer_threshold": 0.6270280480384827,
  "frr_at_far_1e-2": 0.04807692307692313,
  "thr_far_1e-2": 0.7202831745158029,
  "frr_at_far_1e-3": 0.08076923076923082,
  "thr_far_1e-3": 0.780581748485632,
  "num_pos_pairs": 520,
  "num_neg_pairs": 520,
  "num_subjects": 13,
  "num_samples": 962,
  "seed": 42
}